{"activations": ["sigmoid", "sigmoid"], "layer_dimensions": [[2, 8], [8, 2]], "learning_rate": 0.05, "weight_matrices": [[[0.27785415680914044, 1.6660673553847654, -1.5922133390975413, -1.58121494275376, 0.556488399794037, 0.24494473295817784, 1.061131018582868, 1.4010000821730766], [-0.3448820078421149, 2.079210291139085, -3.6132142084660925, 4.65727248016906, 0.25394211163542435, 2.138656717280902, 1.8949629302456412, 0.5828721612951219]], [[0.3156751122142272, -0.7504578791110065], [0.4092551081471795, 2.4387030507001572], [1.8247022651062281, -3.356894743430469], [-0.18506442127827755, -2.719446430695941], [0.13825526627901283, -0.14903363579052883], [-1.055353120285198, -0.2623358782164929], [-0.7351463644430607, 1.2121153428420732], [0.5452306291805474, 0.33171480872765424]]]}