{
    "activations": [
        "sigmoid",
        null
    ],
    "layer_dimensions": [
        [
            2,
            2
        ],
        [
            2,
            2
        ]
    ],
    "learning_rate": 0.001,
    "weight_matrices": [
        [
            [
                0.5618619064662483,
                0.5797299805088517
            ],
            [
                0.9586719072144165,
                0.7766062860166573
            ]
        ],
        [
            [
                0.3182849869753436,
                0.2580897053482918
            ],
            [
                0.48313717380694,
                0.43211442957961915
            ]
        ]
    ]
}