{
    "min_": [
        0.4934046625847517,
        -0.11918076286487295,
        0.3444823548125865,
        0.5082921908305881
    ],
    "scale_": [
        0.0006262294399658261,
        0.0018174068626886162,
        0.08371232217136747,
        0.10122165243546695
    ]
}