{
    "min_": [
        0.4971731904519235,
        -0.11918082199498577,
        0.31922033662539995,
        0.5223813833494575
    ],
    "scale_": [
        0.0006310124443226169,
        0.001817406941949296,
        0.08693837807761859,
        0.10402688054593306
    ]
}