{
    "column_mins": [
        -811.0913541169396,
        65.57737032452962
    ],
    "column_maxes": [
        808.8812290391422,
        615.811894321336
    ]
}