{
    "column_mins": [
        -811.0513541169396,
        65.52750004735071
    ],
    "column_maxes": [
        808.9612290391422,
        615.811894321336
    ]
}