{
    "column_mins": [
        -811.0913541169396,
        65.53629301667638
    ],
    "column_maxes": [
        808.9612290391422,
        615.811894321336
    ]
}