{
    "column_mins": [
        -787.8975836902162,
        65.63161014888317
    ],
    "column_maxes": [
        808.9612290391422,
        615.767476295425
    ]
}