{
    "column_mins": [
        -4.11507345486602,
        -5.192087118048779
    ],
    "column_maxes": [
        7.789488223348463,
        5.906964916382883
    ]
}