{
    "column_mins": [
        -4.11507345486602,
        -5.120248537354629
    ],
    "column_maxes": [
        7.999999999999988,
        5.866964916382883
    ]
}