{
    "column_mins": [
        -4.021014309610821,
        -4.980228377774791
    ],
    "column_maxes": [
        7.830599225828469,
        4.85773347241981
    ]
}